[
{
  "model": "webapp.product",
  "pk": 1,
  "fields": {
    "name": "Отвертка",
    "description": "лучшая на свете",
    "category": "tools",
    "amount": 23,
    "price": "250.00"
  }
},
{
  "model": "webapp.product",
  "pk": 2,
  "fields": {
    "name": "Гамбургер",
    "description": "сочный восточный",
    "category": "food",
    "amount": 50,
    "price": "130.00"
  }
},
{
  "model": "webapp.product",
  "pk": 3,
  "fields": {
    "name": "Мишка плюшевый",
    "description": "Размер XXXXL, будет носить вас на руках",
    "category": "toys",
    "amount": 7,
    "price": "2500.00"
  }
},
{
  "model": "webapp.product",
  "pk": 4,
  "fields": {
    "name": "Телевизор",
    "description": "Супер четкий супер тонкий",
    "category": "tech",
    "amount": 49999,
    "price": "16.00"
  }
},
{
  "model": "webapp.product",
  "pk": 5,
  "fields": {
    "name": "Хотдог",
    "description": "лучшие сосиски у нас в клубе",
    "category": "food",
    "amount": 83,
    "price": "145.00"
  }
},
{
  "model": "webapp.product",
  "pk": 6,
  "fields": {
    "name": "Перфоратор",
    "description": "выдолбит все что захотите",
    "category": "tools",
    "amount": 96,
    "price": "6999.00"
  }
},
{
  "model": "webapp.product",
  "pk": 7,
  "fields": {
    "name": "Кукла Барби",
    "description": "лучшее для ваших детей",
    "category": "toys",
    "amount": 63,
    "price": "1867.00"
  }
},
{
  "model": "webapp.product",
  "pk": 8,
  "fields": {
    "name": "Бензопила",
    "description": "В лучших традициях хоррор фильмов",
    "category": "tools",
    "amount": 74,
    "price": "5069.00"
  }
},
{
  "model": "webapp.product",
  "pk": 9,
  "fields": {
    "name": "Стейки",
    "description": "Нежное мясцо, а из кого не скажем",
    "category": "food",
    "amount": 656,
    "price": "690.00"
  }
},
{
  "model": "webapp.product",
  "pk": 10,
  "fields": {
    "name": "Тест",
    "description": "тестестест",
    "category": "other",
    "amount": 0,
    "price": "125.00"
  }
},
{
  "model": "webapp.product",
  "pk": 11,
  "fields": {
    "name": "Roma",
    "description": "555",
    "category": "other",
    "amount": 1,
    "price": "150.00"
  }
},
{
  "model": "webapp.product",
  "pk": 12,
  "fields": {
    "name": "Test",
    "description": "TestTestTest",
    "category": "other",
    "amount": 11,
    "price": "150.00"
  }
},
{
  "model": "webapp.product",
  "pk": 13,
  "fields": {
    "name": "Test1",
    "description": "TestTestTest",
    "category": "other",
    "amount": 11,
    "price": "150.00"
  }
},
{
  "model": "webapp.order",
  "pk": 1,
  "fields": {
    "name": "fdvfd",
    "phone": "vdf",
    "address": "vdfvdf",
    "created_at": "2022-08-03T14:31:16.021Z",
    "user": null
  }
},
{
  "model": "webapp.order",
  "pk": 2,
  "fields": {
    "name": "dsdf",
    "phone": "csdcds",
    "address": "cdscsd",
    "created_at": "2022-08-03T14:39:01.973Z",
    "user": null
  }
},
{
  "model": "webapp.order",
  "pk": 3,
  "fields": {
    "name": "leo",
    "phone": "vdf",
    "address": "vdfvdf",
    "created_at": "2022-09-22T16:53:26.044Z",
    "user": null
  }
},
{
  "model": "webapp.order",
  "pk": 4,
  "fields": {
    "name": "leo",
    "phone": "111",
    "address": "vdfvdf",
    "created_at": "2022-09-22T17:00:06.708Z",
    "user": null
  }
},
{
  "model": "webapp.order",
  "pk": 5,
  "fields": {
    "name": "leo",
    "phone": "111",
    "address": "vdfvdf",
    "created_at": "2022-09-22T17:00:32.139Z",
    "user": null
  }
},
{
  "model": "webapp.order",
  "pk": 6,
  "fields": {
    "name": "leo",
    "phone": "111",
    "address": "vdfvdf",
    "created_at": "2022-09-22T19:36:28.579Z",
    "user": null
  }
},
{
  "model": "webapp.order",
  "pk": 7,
  "fields": {
    "name": "leo",
    "phone": "111",
    "address": "vdfvdf",
    "created_at": "2022-09-23T08:00:55.811Z",
    "user": null
  }
},
{
  "model": "webapp.order",
  "pk": 8,
  "fields": {
    "name": "leo",
    "phone": "111",
    "address": "vdfvdf",
    "created_at": "2022-09-23T08:09:16.221Z",
    "user": null
  }
},
{
  "model": "webapp.order",
  "pk": 9,
  "fields": {
    "name": "leo",
    "phone": "111",
    "address": "vdfvdf",
    "created_at": "2022-09-23T08:10:23.685Z",
    "user": null
  }
},
{
  "model": "webapp.order",
  "pk": 10,
  "fields": {
    "name": "leo",
    "phone": "111",
    "address": "vdfvdf",
    "created_at": "2022-09-23T08:13:50.939Z",
    "user": null
  }
},
{
  "model": "webapp.order",
  "pk": 11,
  "fields": {
    "name": "leo",
    "phone": "111",
    "address": "vdfvdf",
    "created_at": "2022-09-23T08:14:08.789Z",
    "user": null
  }
},
{
  "model": "webapp.order",
  "pk": 12,
  "fields": {
    "name": "leo",
    "phone": "111",
    "address": "vdfvdf",
    "created_at": "2022-09-23T08:42:02.427Z",
    "user": null
  }
},
{
  "model": "webapp.order",
  "pk": 13,
  "fields": {
    "name": "leo",
    "phone": "111",
    "address": "vdfvdf",
    "created_at": "2022-09-23T09:46:34.789Z",
    "user": null
  }
},
{
  "model": "webapp.order",
  "pk": 14,
  "fields": {
    "name": "leo",
    "phone": "111",
    "address": "vdfvdf",
    "created_at": "2022-09-23T09:48:35.600Z",
    "user": null
  }
},
{
  "model": "webapp.order",
  "pk": 15,
  "fields": {
    "name": "leo",
    "phone": "111",
    "address": "vdfvdf",
    "created_at": "2022-09-23T10:59:06.524Z",
    "user": null
  }
},
{
  "model": "webapp.order",
  "pk": 16,
  "fields": {
    "name": "leo",
    "phone": "111",
    "address": "vdfvdf",
    "created_at": "2022-09-23T11:01:37.432Z",
    "user": null
  }
},
{
  "model": "webapp.order",
  "pk": 17,
  "fields": {
    "name": "leo",
    "phone": "111",
    "address": "vdfvdf",
    "created_at": "2022-09-23T11:02:27.233Z",
    "user": null
  }
},
{
  "model": "webapp.order",
  "pk": 18,
  "fields": {
    "name": "leo",
    "phone": "111",
    "address": "vdfvdf",
    "created_at": "2022-09-23T11:04:31.190Z",
    "user": null
  }
},
{
  "model": "webapp.order",
  "pk": 19,
  "fields": {
    "name": "leo",
    "phone": "111",
    "address": "vdfvdf",
    "created_at": "2022-09-23T11:05:20.000Z",
    "user": null
  }
},
{
  "model": "webapp.order",
  "pk": 20,
  "fields": {
    "name": "leo",
    "phone": "111",
    "address": "vdfvdf",
    "created_at": "2022-09-23T11:06:03.095Z",
    "user": null
  }
},
{
  "model": "webapp.order",
  "pk": 21,
  "fields": {
    "name": "leo",
    "phone": "111",
    "address": "vdfvdf",
    "created_at": "2022-09-23T11:06:18.287Z",
    "user": null
  }
},
{
  "model": "webapp.order",
  "pk": 22,
  "fields": {
    "name": "leo",
    "phone": "111",
    "address": "vdfvdf",
    "created_at": "2022-09-23T11:21:32.936Z",
    "user": null
  }
},
{
  "model": "webapp.order",
  "pk": 23,
  "fields": {
    "name": "leo",
    "phone": "111",
    "address": "vdfvdf",
    "created_at": "2022-09-23T11:21:54.762Z",
    "user": null
  }
},
{
  "model": "webapp.order",
  "pk": 24,
  "fields": {
    "name": "leo",
    "phone": "111",
    "address": "vdfvdf",
    "created_at": "2022-09-23T11:22:12.223Z",
    "user": null
  }
},
{
  "model": "webapp.order",
  "pk": 25,
  "fields": {
    "name": "leoKIM",
    "phone": "111",
    "address": "vdfvdf",
    "created_at": "2022-09-23T11:41:13.075Z",
    "user": null
  }
},
{
  "model": "webapp.orderproduct",
  "pk": 1,
  "fields": {
    "product": 3,
    "order": 1,
    "qty": 3
  }
},
{
  "model": "webapp.orderproduct",
  "pk": 2,
  "fields": {
    "product": 1,
    "order": 1,
    "qty": 2
  }
},
{
  "model": "webapp.orderproduct",
  "pk": 3,
  "fields": {
    "product": 5,
    "order": 2,
    "qty": 2
  }
},
{
  "model": "webapp.orderproduct",
  "pk": 4,
  "fields": {
    "product": 4,
    "order": 2,
    "qty": 1
  }
},
{
  "model": "webapp.orderproduct",
  "pk": 5,
  "fields": {
    "product": 1,
    "order": 24,
    "qty": 1
  }
},
{
  "model": "webapp.orderproduct",
  "pk": 6,
  "fields": {
    "product": 2,
    "order": 24,
    "qty": 2
  }
},
{
  "model": "webapp.orderproduct",
  "pk": 7,
  "fields": {
    "product": 1,
    "order": 25,
    "qty": 1
  }
},
{
  "model": "webapp.orderproduct",
  "pk": 8,
  "fields": {
    "product": 2,
    "order": 25,
    "qty": 2
  }
}
]
